{"cameraMode":{"drawMode":0,"name":"Shaded","section":"Shading Mode"},"sceneLighting":true,"audioPlay":false,"sceneViewState":{"m_AlwaysRefresh":false,"showFog":true,"showSkybox":true,"showFlares":true,"showImageEffects":true,"showParticleSystems":true,"showVisualEffectGraphs":true,"m_FxEnabled":true},"in2DMode":false,"pivot":{"x":-11.991296768188477,"y":-2.1442999839782717,"z":3.1086275577545168},"rotation":{"x":-0.04977471008896828,"y":-0.7227494716644287,"z":0.05238226428627968,"w":-0.6876247525215149},"size":2.1825127601623537,"orthographic":false}